,en,it,es,nb
avg_word_length,0.10622940119781338,-0.6826672062818921,-0.274729353307873,-0.7367059854432702
avg_word_frequency,0.12912777120001212,0.31444460686237824,-0.15583148181482703,0.3077399854374069
n_hyponyms,0.2031022963196123,0.20414730129818687,0.41599992302784916,0.085114089447067
n_synonyms,-0.5169267237755618,-0.18879271148984364,-0.3315002152402143,0.06916409280699956
avg_n_senses,-0.2816996102795562,-0.09323668097801613,-0.18542438508487,0.1650809653828089
n_syn_senses,-0.7030127810319194,-0.19712694554048965,-0.2980875451344646,0.165962724187623
word_in_children_res,0.41104890402709676,0.1727355511221385,0.2653724462171376,0.08564440043098775
word_in_second_lang_learn_res,-0.16390359534347082,0.3587584523305953,0.026670934357606632,0.4853182691089305
