,en,it,es,nb
avg_word_length,0.5608068418147402,0.0011986661461284205,0.28420188679270963,0.002272614714405028
avg_word_frequency,0.4513222977702686,0.06910402097875376,0.09169223639856892,0.007888266354979735
n_hyponyms,0.7575925687692785,0.4817883137494613,0.05047872958104388,0.21327892114158395
n_synonyms,0.006111314082686707,0.31566611957557494,0.19698436021919924,0.9853096016934869
avg_n_senses,0.23322285030086728,0.9819681666592635,0.22230708023329385,0.8681265600688084
n_syn_senses,0.002330587930491482,0.34715926246040824,0.09461163584274244,0.7897745990188338
word_in_children_res,0.02835819183410017,0.5437666249129973,0.2192866994521123,0.6684070795757959
word_in_second_lang_learn_res,0.7625428646041192,0.13897805801371632,0.7777333755284558,0.07381638772799033
