,en,it,es,nb
avg_word_length,-0.07835664500515212,-0.3489328384469747,-0.39219006646141014,-0.41872774104555044
avg_word_frequency,0.31862336533819946,0.15250454035435798,0.058915739369264634,0.30085365231689243
n_hyponyms,0.1858630667916425,0.3411456768310271,0.2445257104569584,0.05634520892440363
n_synonyms,-0.14340842252073213,-0.09071034174432809,-0.29051040540595974,0.06802992832888027
avg_n_senses,-0.06862906368866714,0.0874442658505039,-0.06669282319959155,0.2546345943606131
n_syn_senses,-0.20789460440677043,-0.03353238320149456,-0.2051332711204442,0.2438429210759983
word_in_children_res,0.261794075667985,0.3308522683400793,0.17402344406493736,0.3023521394205674
word_in_second_lang_learn_res,0.33248728627907675,0.40116798851712243,0.21171431068793448,0.5630128853532542
