,en,it,es,nb
avg_word_length,0.14397702565117862,0.00010545419000669252,0.000276228712346841,0.0001351958917065077
avg_word_frequency,2.6648311008997748e-06,6.761378741573753e-05,0.0002895581145815536,2.921280256364931e-09
avg_pronounce_complexity,0.2331439097580369,0.07620693386769839,0.006906632085291018,3.3238787526521544e-05
n_hyponyms,0.15343231064904572,0.0014135281497376594,0.006276988907206346,0.4840454442145735
n_synonyms,0.056976870813451624,0.07810416189815109,0.04428252849235082,0.8963353446126472
avg_n_senses,0.5185084952063416,0.44179068702019253,0.7795789302467022,0.043523762386262384
n_syn_senses,0.0635392241326172,0.4187063438157371,0.15415638382554442,0.12734468198710464
word_in_children_res,0.018649237830697097,0.0036643813779945705,0.028378168402258937,0.007734371282372892
word_in_second_lang_learn_res,0.001351388933159435,0.00025264043502082697,0.12687571652883595,6.746354039569386e-07
